incidenceRate;povertyPercent;MedianAgeFemale;PctHS18_24;PctHS25_Over;PctUnemployed16_Over;PctPrivateCoverage;deathRate
461.8;23.2;43.5;41.4;29.8;8.9;49.5;191.81985523779156
444.5;5.8;40.0;30.4;26.8;6.1;83.8;150.42391138291478
372.0;20.9;43.8;45.2;42.8;9.1;48.2;183.48599010274677
537.2;12.4;31.3;61.8;33.3;5.6;52.4;202.09118636934065
457.8;20.2;44.8;48.2;34.3;7.8;54.3;191.4945672482215
462.0;10.3;47.0;43.0;23.3;9.0;75.7;163.18574797679906
449.4;14.5;37.3;36.9;35.6;5.6;65.4;177.6046250122446
466.9;13.5;45.5;25.8;42.8;5.1;69.7;179.0127595264358
458.2;18.3;50.0;42.9;31.7;1.4;64.2;174.1432605023606
406.9;25.2;31.7;17.1;25.5;7.3;74.0;157.6510334494805
478.4;29.1;34.4;63.9;43.8;14.8;33.9;210.07527819826024
471.7;14.9;43.8;27.7;34.4;5.3;69.0;174.95106034587852
424.5;14.6;42.4;37.0;32.6;7.9;60.5;172.23332059870845
423.6;16.9;45.3;16.9;30.4;6.4;66.1;159.89878329333735
529.0;10.1;37.8;18.0;34.7;3.4;76.3;178.30473888678773
507.7;11.0;40.5;36.0;27.2;3.1;77.5;171.40476912586152
476.1;29.9;42.0;27.4;38.1;9.4;50.5;203.0149304855255
521.4;14.7;49.4;23.9;38.8;3.4;78.6;180.99186623306016
529.5;22.1;44.4;46.4;40.4;11.4;52.1;218.72893163608663
261.1;29.2;31.9;36.5;31.5;8.4;45.4;198.44287637378062
470.4;15.4;38.3;40.2;32.8;9.7;69.8;182.50375485904945
536.7;15.2;44.7;29.3;33.6;6.8;68.1;191.49112546906323
326.4;33.7;43.4;50.9;49.3;4.4;41.8;206.2541282422826
303.0;18.3;38.7;43.4;31.9;10.9;49.6;191.76279066558112
421.7;24.6;56.7;37.7;30.2;14.3;61.6;181.2687519984237
410.9;9.2;43.5;41.3;25.5;4.9;70.6;152.21310046198582
415.8;24.5;45.2;41.8;27.9;11.5;42.6;185.7255615830171
338.2;23.8;26.5;40.5;43.6;17.6;35.2;182.690249889998
630.4;26.7;38.9;40.9;40.7;8.3;52.9;200.7900374264147
398.2;11.2;41.2;49.5;30.3;6.2;67.3;161.2341862656483
350.1;12.5;48.9;43.0;33.4;4.8;61.6;151.30260614926289
480.9;17.5;41.8;30.7;40.0;10.4;58.7;195.2244859253487
482.4;16.8;36.6;36.3;28.1;7.5;61.5;183.50602705757365
459.4;18.5;43.3;42.3;46.1;20.0;59.8;197.0492901906622
508.1;18.0;41.5;30.0;32.8;11.5;59.1;195.78948971677127
408.4;24.4;50.0;42.2;35.4;7.0;48.5;182.80217125483085
450.9;15.0;48.6;39.8;36.3;9.7;64.7;180.59196017807457
383.8;19.8;45.8;34.9;38.8;10.4;50.2;177.86647146874478
419.4;19.9;48.1;32.9;32.1;12.2;56.8;176.79410995921546
480.5;21.9;41.9;35.2;42.6;10.0;43.7;209.41520862102902
467.5;5.9;43.0;36.9;30.0;4.5;82.8;159.26343907398794
453.5494221;9.9;49.4;26.3;33.2;1.0;83.3;153.17627847634
435.4;21.7;43.8;42.6;41.9;13.2;50.8;199.14586153494346
453.5494221;13.5;48.5;18.9;34.6;1.7;72.8;160.73487864743674
424.4;9.5;31.3;30.2;23.4;7.9;75.0;153.57196200222455
427.7;17.5;42.0;31.1;37.9;4.3;60.3;175.04359664667908
457.1;34.9;46.5;51.6;43.9;13.3;39.7;210.48662273389073
509.4;12.2;43.8;33.8;38.5;6.3;75.2;185.30214724979783
492.0;9.1;37.9;38.1;28.9;6.1;78.2;171.64778286573974
465.5;10.0;40.3;38.7;36.1;3.6;70.5;174.17300186785477
419.5;24.5;31.7;36.6;27.3;12.7;51.8;184.3068244135386
411.4;21.7;39.6;37.6;45.6;10.9;43.9;198.1379084961399
414.7;26.4;47.5;46.9;40.9;9.0;56.6;190.45196068359587
444.2;15.3;39.6;30.9;28.9;9.4;65.5;171.2869918327239
473.8;15.9;30.4;18.2;17.1;3.5;81.2;152.86416530592413
515.1;17.0;53.4;35.1;31.0;4.1;67.4;182.88904922340654
459.9;21.8;46.5;31.4;48.9;18.1;52.4;201.3119925414739
482.9;18.8;45.6;28.9;37.6;17.0;55.9;191.7754963577179
453.5494221;10.4;51.6;33.7;38.3;3.7;78.6;164.7927330179512
493.6;12.9;43.6;40.1;41.0;5.6;75.2;185.9810555708925
453.5494221;12.4;45.0;35.1;37.9;4.0;71.6;171.96032762194727
456.8;15.7;49.1;30.2;37.3;6.3;62.5;178.29030807536572
323.8;26.0;39.1;39.4;33.3;10.9;43.6;199.94537674708315
431.6;12.8;41.5;26.1;40.0;5.4;71.4;168.3597032943905
493.7;45.1;43.9;35.9;34.6;8.8;35.9;204.04226335206178
410.1;10.0;43.8;40.4;37.7;4.6;77.7;159.52476630896786
486.8;31.7;43.3;20.2;35.9;12.5;44.7;207.558542816105
357.1;16.6;32.2;32.1;30.5;5.9;55.6;158.09007580878466
453.5494221;13.3;41.7;31.1;35.9;7.0;72.7;172.28296450309335
412.6;10.7;42.4;34.9;41.8;4.1;72.7;165.0950258040413
479.9;22.7;44.0;36.5;40.8;9.4;48.6;204.9574033493588
394.3;20.4;41.3;51.2;36.9;4.3;59.7;175.5301590566085
471.7;15.1;54.5;34.0;33.4;13.0;59.5;188.12424889226477
420.0;8.7;43.2;40.9;39.0;3.5;78.2;161.28008676043783
495.6;12.9;44.0;30.1;37.3;9.6;70.7;185.31213541873004
415.6;14.7;39.2;36.2;30.4;9.8;62.0;169.66336410052565
448.1;11.6;30.0;42.1;36.0;5.2;73.1;175.13674433387874
388.7;9.9;33.0;37.4;23.6;3.4;67.6;147.69905776741393
388.9;13.5;51.4;48.5;29.2;4.8;63.0;157.49597693104843
350.1;18.7;41.8;37.9;23.4;8.7;64.7;148.2472905023079
482.5;10.7;45.4;33.9;39.3;6.5;77.7;177.254673237378
412.7;11.9;58.0;37.8;34.9;10.8;61.1;172.24220854744704
392.3;19.7;49.6;42.1;32.3;10.0;62.5;168.38805538299363
483.4;12.6;47.5;40.9;31.8;7.8;71.3;177.98080585264512
504.8;21.9;35.5;32.3;27.7;11.0;62.4;193.25876344759848
508.0;27.4;43.4;39.6;42.7;10.1;53.6;215.60824910664377
525.9;16.1;40.4;22.0;26.2;7.2;73.1;179.28431535473788
468.7;16.7;41.3;36.1;39.1;9.3;64.7;188.91753608932112
429.4;18.3;42.9;42.8;37.5;9.6;63.0;182.33504876546198
404.3;20.5;51.9;27.9;40.6;13.2;57.4;179.37230272303034
493.1;13.5;38.9;40.7;34.3;7.9;67.6;187.47442348371027
472.1;14.3;33.2;15.4;25.7;5.5;80.4;159.72806699035044
433.5;6.1;42.9;31.2;25.6;5.9;83.2;146.57113850722345
521.8;16.0;43.1;35.3;41.1;7.7;71.9;196.74078737385884
459.3;13.2;45.3;40.3;39.0;5.3;61.7;182.72377015609874
428.2;15.0;39.7;23.8;38.7;4.6;74.8;165.16116525309747
502.1;21.3;42.3;39.5;42.6;9.6;63.2;204.8892748036988
396.8;16.2;52.8;31.9;28.4;6.9;62.8;156.39685027417718
479.0;13.8;44.2;39.1;42.6;7.7;67.7;189.85109249380864
406.2;19.0;52.5;32.4;40.0;12.1;61.4;176.56541535584748
453.5494221;13.7;40.3;47.1;34.5;10.6;67.6;182.65469928542313
508.7;16.8;44.3;33.0;37.3;7.0;66.0;192.10435872305825
458.4;12.6;34.3;23.3;26.6;4.9;74.8;160.9435871485935
459.5;12.9;39.5;41.7;38.2;5.5;65.9;181.89970637315855
471.1;28.5;39.1;44.5;41.7;9.7;48.4;212.06053259578303
469.5;18.6;42.1;22.5;34.7;7.4;55.7;184.6408355596783
370.7;20.7;39.4;28.8;31.2;11.1;64.7;161.25766337611643
528.4;19.0;43.0;39.4;38.8;9.5;63.4;205.49633255343687
492.4;13.7;39.9;31.0;31.8;7.2;73.3;178.09343702507368
389.2;10.6;43.6;25.8;32.6;2.0;77.4;143.5394632814856
464.5;29.8;44.6;41.4;39.1;12.9;46.4;210.19756540973034
463.7;18.9;39.3;46.1;42.7;5.7;59.6;196.04752592816587
484.1;5.0;44.8;28.5;22.5;4.5;85.2;151.03740750574045
718.9;25.9;30.3;22.2;22.2;4.3;76.1;163.93598068956217
452.0;18.1;36.8;29.5;22.3;11.8;63.2;172.43373875512654
429.7;10.8;38.2;31.6;25.2;7.7;74.3;156.08288746422897
453.5494221;10.9;48.3;18.7;33.8;1.2;73.4;157.48798461944892
381.0;28.2;45.3;44.1;37.9;9.2;54.2;182.18890569543933
393.2;15.0;46.7;37.7;34.7;7.9;59.9;166.54040182410003
471.4;14.7;44.8;36.9;35.8;8.5;71.8;180.07565179452791
456.6;16.1;44.4;48.4;50.2;8.8;58.6;201.9198425929524
429.0;18.0;45.4;53.8;37.5;6.8;61.3;183.5068617416964
398.7;15.6;39.4;13.4;36.2;6.3;68.3;157.86047777625984
430.4;17.1;43.4;41.2;31.6;12.1;58.4;180.1325289728921
492.3;10.4;44.5;28.5;23.3;6.4;81.7;160.84285850946844
515.0;24.0;43.2;37.7;42.3;8.2;61.0;208.53748135667365
348.1;14.4;53.6;27.5;36.0;7.2;66.5;147.56761869804166
396.0;17.8;55.6;21.5;40.6;13.7;63.6;173.38563893741122
520.2;26.4;47.2;40.2;36.6;9.5;52.1;211.53335871018803
453.5494221;14.9;53.4;42.4;39.9;7.3;66.3;181.13061357045967
533.3;12.7;40.2;40.9;36.6;7.8;66.9;198.3521036242127
461.5;24.0;41.2;27.5;45.7;14.4;44.6;210.1975572665332
492.1;16.2;41.6;23.8;39.8;6.4;68.1;186.26057553022792
399.9;16.6;39.0;34.5;33.7;4.9;56.4;168.6056291362665
437.0;22.4;41.6;27.5;42.3;6.7;54.3;188.64059648736432
445.6;17.7;42.9;39.4;38.3;10.5;57.0;189.16099082403684
433.8;17.0;44.5;45.4;43.8;8.7;65.5;186.65344581663004
460.7;19.2;50.8;32.6;33.6;13.1;55.5;187.85753818259397
481.1;18.9;44.2;35.8;31.1;6.9;58.0;186.42481914204706
457.0;11.7;46.2;45.5;45.5;6.2;70.8;184.7025993127932
491.5;7.5;37.3;43.6;30.3;7.4;83.5;172.089077078691
405.0;13.5;45.0;42.3;36.2;7.5;54.8;173.94631388889954
361.5;12.9;35.7;36.1;29.1;4.3;65.9;148.9720872621167
524.4;26.8;42.6;44.1;42.0;6.3;56.1;215.55868267839773
471.1;21.1;42.4;34.3;39.7;10.0;49.3;200.67756873571983
463.7;11.0;38.1;15.1;20.6;5.0;77.7;150.3463896619962
438.3;14.5;41.1;29.4;27.6;10.0;58.4;171.44743775254682
360.8;13.7;43.3;46.4;27.2;1.8;63.1;148.23805431419308
505.7;11.1;46.7;37.0;36.3;9.1;70.6;186.67690111640695
347.2;10.3;33.0;18.2;37.6;6.2;66.6;147.79948658257518
509.9;7.4;44.3;31.1;34.7;6.3;82.3;173.9395273523488
480.1;14.4;42.3;39.1;47.4;6.9;66.7;195.3155311464497
484.9;16.9;48.3;42.0;43.2;5.9;60.6;195.8507052609794
436.3;12.3;43.8;21.5;30.2;1.2;75.8;152.054410807246
438.9;6.2;35.0;28.0;21.1;2.6;85.2;141.03776857034222
447.1;13.4;42.7;43.2;46.9;7.0;67.7;187.34783523525246
425.0;10.1;42.6;41.5;48.7;7.5;71.4;179.6229137023596
480.2;25.9;43.0;35.9;35.4;11.1;51.6;202.1731525936326
470.8;17.1;37.1;26.7;24.0;10.7;61.5;176.61701458854787
405.2;16.6;43.2;40.0;41.9;7.1;62.9;176.5617756981892
503.7;35.2;40.0;35.9;34.6;16.4;48.1;200.10608374094556
416.6;8.3;33.3;37.5;27.3;6.3;58.4;163.66617784687406
502.9;14.1;45.4;25.5;35.1;8.8;65.5;185.88395169120827
464.2;11.3;38.0;23.1;16.5;6.3;75.8;151.64844142832246
500.1;13.0;41.1;29.9;30.2;9.5;69.1;181.34871598494988
478.4;15.0;44.5;40.5;48.2;6.4;70.6;193.4769178467688
484.6;17.3;44.6;30.7;42.1;6.8;60.2;193.28169278492436
438.4;23.3;42.1;57.3;41.3;8.8;48.3;203.2962668412505
463.3;10.1;40.9;40.3;32.1;6.5;74.0;171.04342016645595
395.8;14.9;56.8;42.0;27.2;5.8;59.0;161.49818247536538
447.2;31.1;34.7;25.0;33.7;12.2;53.1;195.32672439969468
502.1;26.8;40.4;33.2;38.7;11.2;56.5;208.27783770419717
472.2;13.4;49.4;51.1;38.8;6.6;64.8;187.60464829234712
421.4;23.7;43.6;40.8;40.8;11.1;48.9;194.90655522680942
436.0;19.0;40.4;29.2;29.0;10.8;58.4;176.064737618684
359.8;11.2;37.1;60.2;37.1;2.2;56.2;157.22953435832946
484.0;12.8;40.7;33.5;33.1;8.5;70.0;180.15596598009967
469.0;16.9;46.1;33.7;31.2;6.8;63.2;178.35357663937504
428.1;26.4;41.8;39.4;39.6;10.3;52.7;194.57095040796042
450.4;14.3;55.7;50.7;31.1;8.7;76.1;173.82958957474986
516.0;16.7;36.6;66.2;44.2;6.0;59.7;205.24662540640816
465.9;20.4;44.4;25.5;35.6;10.3;59.6;186.65057217560457
492.6;25.1;45.5;37.7;44.5;12.4;40.0;219.92093709235195
442.9;17.7;40.4;30.0;30.8;10.0;62.7;175.80521194740325
441.7;18.1;43.9;36.5;27.4;10.8;57.9;177.00713743954574
323.1;17.8;34.3;34.1;35.2;4.8;64.1;179.9306831420932
391.5;28.1;30.9;33.5;25.2;12.0;43.1;181.4284793818465
512.6;12.3;45.5;43.3;30.8;8.3;68.0;187.10455982263733
475.4;15.7;45.0;40.0;41.5;6.8;66.4;189.2771619499648
476.1;8.8;42.7;39.2;34.9;5.8;78.2;172.07913149917664
378.7;25.9;37.9;29.0;40.5;4.4;51.6;176.82372884841152
463.0;19.7;42.5;29.2;41.6;6.1;68.7;184.5333639568771
423.7;10.2;39.3;24.5;32.1;8.4;73.3;159.10600087429748
421.9;16.5;44.5;39.0;41.9;7.6;63.6;179.72978639477765
524.5;20.1;50.9;53.5;42.8;3.5;60.6;207.88920854279692
384.9;13.9;51.6;28.0;41.5;1.1;69.4;154.88917627101975
490.6;19.9;43.7;39.0;42.1;8.9;63.0;199.7694061186608
401.9;13.4;39.7;30.6;30.4;6.7;65.6;159.11933800321313
490.5;11.7;44.5;29.9;44.8;6.2;71.8;186.59033749071864
413.3;12.7;54.6;32.4;17.2;5.9;67.2;147.47227346358045
473.2;18.2;42.0;45.1;30.5;13.2;53.1;195.13922993637948
483.8;8.9;44.7;29.0;33.9;6.0;77.0;169.85396097099732
355.1;26.5;31.1;32.6;22.4;13.1;36.4;173.37221798651757
493.2;21.5;41.2;32.2;37.0;10.4;55.4;200.38977097699282
453.5494221;11.6;44.4;31.1;35.7;4.3;74.8;166.82050991905135
396.7;27.0;41.1;37.5;37.5;14.7;54.8;187.9652073658775
429.9;8.0;42.3;32.7;41.9;3.3;78.8;162.82425058927015
519.3;8.4;46.4;49.4;37.2;3.6;75.8;185.67932188339515
434.5;14.8;44.6;40.2;34.1;6.6;57.5;176.97529074360097
508.7;21.3;41.1;36.8;43.8;10.3;60.9;208.74782992451046
475.8;19.6;38.3;32.2;32.8;9.8;62.4;187.8635469482179
530.4;30.1;37.8;50.8;44.5;6.1;56.3;224.78298967312762
321.4;11.2;44.7;43.7;39.0;6.8;69.5;178.15723414441598
464.3;24.5;46.8;35.1;39.3;13.2;55.6;199.52608080856487
403.8;13.5;45.0;31.3;40.0;4.8;68.7;164.0382433594701
471.3;10.9;40.0;35.4;30.7;10.7;70.1;176.3454210456958
448.8;15.9;48.3;48.6;42.4;8.2;63.2;188.86331285702775
573.8;18.0;44.2;40.6;39.7;3.9;57.7;186.18122903564915
462.3;16.6;42.9;27.2;44.8;9.7;59.5;192.26333411928098
384.7;14.5;43.6;32.3;36.1;6.0;70.3;157.59798457110014
417.3;9.9;36.8;44.6;27.2;10.7;64.4;166.82300757249203
453.5494221;11.5;44.3;29.7;36.0;2.6;68.5;168.41669229097693
501.5;13.8;49.8;27.0;37.4;3.0;65.2;181.9993879267416
444.8;20.1;47.4;35.6;41.6;13.7;57.8;193.43245581789904
487.9;9.2;40.0;28.3;30.2;3.2;82.9;163.2373324569595
484.4;17.7;38.7;27.4;26.5;6.5;71.1;173.74195935928338
451.9;19.7;41.2;26.7;28.8;9.4;64.7;174.53636047635456
474.6;13.8;47.6;33.3;33.5;9.7;62.7;181.83774458528254
552.9;19.4;43.3;41.9;40.7;7.7;55.3;216.61703421059238
460.7;17.0;41.5;42.1;38.3;8.3;59.9;190.10562516747262
488.0;23.9;43.3;39.1;37.1;11.2;56.1;202.92723266455886
480.9;7.7;47.1;33.4;29.3;7.1;75.8;166.46638247607146
460.2;20.6;42.1;40.2;43.3;6.1;54.5;197.18576271883563
483.9;10.5;45.4;44.5;43.7;5.5;73.1;186.56432920228772
490.7;18.3;39.7;21.4;38.7;9.2;67.8;188.6017518132374
373.8;18.7;38.0;21.6;33.8;7.2;71.6;154.14275751773593
505.0;8.9;53.0;37.2;24.9;7.0;74.2;169.1641801995264
500.0;15.8;44.6;31.3;39.5;7.8;70.8;188.98572069233967
404.1;15.0;39.5;59.0;24.1;7.1;57.2;161.0245521108769
469.6;17.8;38.3;37.5;36.8;7.5;65.2;187.26380461018766
404.2;17.2;48.9;28.8;33.9;8.2;59.2;166.89022177641584
453.5494221;13.2;40.8;39.3;35.0;11.9;63.0;183.53137619502638
453.5494221;9.7;45.7;21.3;35.5;3.9;79.1;159.16476464180923
463.7;14.2;43.7;29.4;46.2;7.0;65.6;187.3155698262921
453.5494221;13.0;37.6;29.3;34.3;6.9;67.3;173.85685559031225
519.9;16.8;39.7;31.3;27.5;8.4;69.2;185.88963993902257
459.5;18.6;36.9;24.9;18.4;8.8;67.0;164.84367182831653
438.0;21.9;43.1;30.9;29.9;12.4;58.1;180.64955969162864
445.5;16.9;46.4;46.4;48.7;5.6;67.7;189.86129027363071
460.4;19.5;41.3;43.8;38.4;9.5;62.5;192.113164828405
453.5494221;9.5;41.4;36.6;32.5;5.6;81.1;162.9392532136071
463.0;11.1;39.5;29.8;29.7;9.8;65.9;173.32727435249558
490.8;11.2;46.3;45.6;39.8;6.6;77.6;183.75047836319652
494.2;11.0;43.0;34.6;39.1;5.5;72.5;182.73085189563366
525.6;19.5;42.8;29.4;32.8;9.2;63.8;195.9177207673253
431.4;7.4;42.4;24.9;31.1;1.4;82.4;146.69712969084617
413.5;9.8;42.6;32.8;29.7;7.8;76.5;153.92810734509942
462.1;11.3;42.8;40.5;45.1;9.1;71.9;186.4141190264665
350.1;13.2;34.2;39.0;28.2;4.3;60.5;149.88092304969157
409.5;34.6;46.0;28.8;36.8;10.3;44.9;180.23385111462687
484.6;25.2;36.1;27.1;28.1;13.4;43.0;201.3738625732948
497.1;15.6;42.2;47.6;47.9;6.4;67.0;202.80155243057928
430.9;18.4;41.5;34.5;38.9;8.8;56.1;184.57311203393618
415.7;12.0;45.3;26.3;31.8;0.7;76.0;149.20662736229033
477.4;19.5;45.1;40.0;36.3;9.4;60.3;192.84761212083765
451.7;10.5;46.0;51.8;31.6;5.7;69.4;172.27195713104445
415.9;24.8;31.0;29.0;24.8;16.2;48.0;183.96953391633963
466.6;18.6;42.6;49.0;37.0;8.3;52.2;197.33105870065287
279.3;22.7;46.0;63.2;30.3;8.3;49.5;186.22104737334035
453.5494221;20.2;25.3;20.3;17.4;5.8;85.4;148.53555827501125
403.3;22.0;38.2;30.9;35.7;7.9;48.7;180.45794460053958
449.2;23.1;45.0;45.8;46.5;8.9;51.6;204.21476520706844
433.0;16.9;40.5;46.9;45.5;8.5;61.1;191.691287951809
442.8;16.9;42.6;35.3;42.1;6.8;63.7;183.59795588073436
483.7;11.1;37.9;26.8;26.9;5.4;73.1;167.52980373494975
424.4;15.1;41.0;32.7;33.3;2.9;69.8;163.10584956304038
469.0;28.8;44.8;35.9;38.0;17.0;48.4;202.13812525637562
517.8;16.2;42.1;32.9;40.9;8.2;67.3;198.05226489566462
346.3;14.3;50.2;38.9;26.7;7.8;58.6;147.82505194451642
275.7;10.5;40.2;52.8;34.3;2.1;72.1;172.28899894192105
455.6;27.3;39.3;45.8;40.4;17.7;44.0;207.3307708656166
449.9;15.5;38.3;38.9;27.7;6.5;55.3;177.48161464765812
453.5494221;15.7;48.6;44.2;35.4;7.4;61.7;181.9170556378129
392.5;18.2;43.1;37.5;40.6;8.8;58.8;176.26453846531646
473.4;17.2;43.6;45.1;43.1;11.7;59.8;200.95995979525566
466.8;10.6;39.8;33.8;34.0;6.8;70.9;173.95521682801245
431.1;17.7;39.3;29.9;34.5;6.2;68.4;170.59168959360758
453.1;19.8;49.2;38.8;32.6;11.7;57.4;185.9146986785129
296.2;23.6;38.9;27.5;25.3;11.3;49.5;184.31423883771694
363.9;13.4;40.3;43.0;39.0;3.3;71.6;156.22431400370894
410.4;25.5;34.5;21.7;34.6;7.0;69.6;169.84495381713919
482.7;22.8;39.0;51.4;42.3;9.2;56.5;209.1373046172519
463.9;17.7;37.1;17.9;12.6;7.5;67.3;177.07223347326482
449.8;9.4;43.5;35.0;33.2;3.8;71.8;164.82730204093133
453.5494221;13.9;27.0;43.3;29.8;9.2;76.1;171.05275694014534
463.1;32.4;22.3;17.7;22.6;8.8;76.1;170.31783076189592
392.1;14.3;44.7;39.2;29.9;6.8;67.1;157.77069526720373
432.7;6.8;38.4;34.7;15.5;3.2;81.2;156.83026469289035
339.1;21.9;50.0;36.3;36.0;8.3;57.4;160.1376450456457
463.4;21.9;46.6;29.6;35.7;10.5;60.0;187.89284073287448
423.9;11.4;50.5;28.8;20.2;9.8;66.7;151.89146404170108
483.9;14.5;40.9;37.0;44.9;7.8;68.0;193.73504254136145
400.6;12.1;50.5;14.8;42.3;3.1;75.6;152.44826648495098
496.5;13.1;46.1;37.1;41.0;7.7;68.2;190.50092704394928
419.5;20.7;36.9;20.5;32.7;9.8;55.3;175.655671971884
336.1;14.1;47.6;49.1;32.6;0.9;76.1;139.97947285197154
473.5;15.4;42.0;30.4;34.8;10.3;67.9;182.27743400805025
496.0;21.9;45.0;54.0;45.3;9.5;59.8;212.11840220192016
472.3;12.3;38.7;32.5;23.8;11.4;69.2;171.61036229089524
396.2;15.6;48.8;45.0;37.5;11.7;53.6;178.55002705048855
451.2;13.0;51.1;56.2;41.6;4.6;67.5;183.18369044707958
436.0;10.2;45.2;25.1;36.3;2.5;78.2;156.85914837081188
466.2;19.6;44.6;30.0;37.8;12.3;58.3;192.0155379431382
382.1;15.5;45.5;40.7;31.6;10.2;54.1;167.72670413009422
372.9;9.1;40.4;29.8;18.2;3.8;81.9;126.85697906566733
489.0;9.0;41.1;27.7;22.6;9.0;71.9;166.44052526536876
486.6;12.8;38.8;36.9;31.8;5.7;71.6;178.01562141313977
418.2;21.7;42.2;41.4;36.4;6.2;57.0;180.98875461453332
472.5;13.5;46.1;44.1;47.5;7.1;65.3;194.5352371112568
358.2;22.4;49.5;24.7;31.2;12.2;50.6;163.57886928493892
466.5;19.5;39.1;29.0;26.5;9.1;66.7;175.71658792984283
473.9;15.8;40.2;31.8;31.1;6.7;58.6;181.95872984320255
434.9;10.4;43.0;28.5;34.8;4.7;78.7;158.69940039483666
418.6;12.9;38.4;27.0;17.7;7.6;65.0;151.15721333436963
368.7;21.3;46.6;51.8;33.9;16.1;64.3;173.77231634949652
332.0;22.8;54.9;40.4;36.6;11.2;50.3;169.30489439391266
514.8;10.5;47.5;47.5;50.4;5.2;75.0;199.0854251211594
408.6;24.5;38.6;40.1;36.9;11.9;49.6;190.35441693825908
429.1;9.5;49.3;48.1;24.8;8.2;67.2;161.18690956476507
472.0;13.7;39.7;41.9;39.2;10.4;65.2;190.78399639901653
456.2;9.9;44.5;37.6;43.8;5.5;77.8;175.35667992119454
430.4;14.7;52.2;36.2;30.3;12.2;59.5;172.71080888088574
469.4;16.4;43.2;64.3;42.2;12.9;62.2;195.11181748484745
491.9;15.2;38.0;28.3;27.3;9.8;69.5;178.6398406522539
465.6;15.4;45.3;27.5;26.3;7.6;62.4;171.27788011818086
412.1;11.4;34.2;31.1;29.7;8.1;57.7;166.45323855231013
390.6;14.7;47.1;34.6;34.2;7.4;69.3;158.8392392236928
463.2;13.9;53.1;20.8;33.1;10.6;64.7;172.93959456599697
416.9;13.0;49.6;52.4;30.8;2.4;62.6;165.09250549772753
425.9;14.0;33.8;17.2;22.6;5.1;76.9;147.86365596107788
365.5;13.0;42.1;36.3;39.1;5.7;65.6;158.8303560538703
441.0;18.2;37.3;31.5;28.2;5.9;57.8;173.72971665629063
427.2;14.0;35.9;29.1;31.7;2.5;61.6;165.66267770620846
425.5;23.4;44.5;32.9;39.2;9.0;60.6;183.46199059682618
393.1;14.8;47.4;26.2;35.3;9.2;66.5;160.6034114853864
397.4;20.1;49.1;42.2;42.4;4.4;51.8;180.14327867108182
408.9;9.8;45.4;50.0;40.1;4.7;74.9;165.60653437105114
400.8;39.9;44.3;29.9;39.4;22.6;47.9;177.6161513922867
353.8;20.2;36.0;35.3;34.1;6.6;53.0;165.03726155548983
444.5;26.6;35.1;33.7;37.9;10.3;52.1;197.21688872516148
297.2;21.0;47.3;38.1;27.9;13.2;52.7;186.08807178245388
372.1;25.9;47.1;38.1;37.3;6.4;53.6;173.4598165451137
433.4;17.5;50.1;38.4;30.9;6.8;54.3;175.29480024914577
454.3;6.2;44.5;41.3;33.0;6.1;83.8;161.06081480778468
339.0;19.2;48.5;36.4;25.4;10.7;47.3;156.20725937581497
495.7;10.0;42.1;26.8;20.1;7.5;79.0;160.83650509083316
456.7;10.8;46.6;38.6;44.5;4.2;74.2;177.24147343143414
523.2;26.0;43.3;31.7;41.2;9.1;60.1;209.9848738205348
477.0;15.3;39.3;36.2;34.0;7.7;60.3;186.69434024297448
463.2;14.3;41.1;23.6;47.7;5.6;70.4;183.77799197168957
454.2;17.8;39.6;40.7;40.5;6.3;59.5;189.75160832429006
456.7;12.1;41.8;33.7;46.2;7.0;71.3;183.27395531856155
526.9;11.4;52.7;42.9;32.3;9.7;73.1;187.6005911809181
440.9;9.6;43.5;39.8;32.5;3.8;78.9;160.17087487940296
512.7;43.0;36.8;47.0;38.5;19.2;36.3;216.48275374116284
450.4;9.1;40.9;39.3;37.6;4.9;67.9;173.93007624527797
364.0;13.9;49.9;25.4;35.1;6.4;60.2;152.9985414117379
414.5;12.1;43.3;48.5;39.7;9.7;71.1;174.38194284432205
477.6;17.8;42.6;29.5;38.6;9.0;59.8;190.99395749449724
445.5;10.0;39.7;36.9;33.1;5.5;72.8;166.7550744876444
495.8;31.2;45.7;31.5;34.8;12.0;54.5;205.87410262986867
504.8;34.2;42.2;31.5;35.6;9.8;45.2;202.57807360672956
422.1;18.7;42.5;38.1;42.1;7.6;58.1;184.559077774058
458.3;9.8;38.2;36.1;26.5;7.5;77.9;162.69161427299963
416.1;16.5;49.7;41.0;35.4;12.0;65.3;174.44507644608902
476.0;19.4;37.2;33.9;32.0;11.8;60.6;190.5317959748516
486.8;15.6;38.6;30.1;31.4;9.1;62.3;185.084591255606
464.9;10.0;38.9;32.5;34.2;3.9;78.5;166.71910298902407
468.0;22.5;40.3;22.8;24.9;13.7;59.4;181.90383228733367
428.1;15.3;40.4;37.1;32.1;7.0;65.2;170.47293018209598
439.7;9.5;44.2;13.4;32.0;4.4;78.6;151.06360051046778
433.1;10.2;40.8;29.6;46.6;2.9;78.6;168.55113162472648
516.8;13.6;42.9;40.3;29.9;7.0;65.8;187.8934251258986
467.9;24.5;36.1;37.5;39.2;9.6;46.3;205.81040387582016
549.3;29.8;43.8;57.4;48.6;11.8;49.2;241.77248702459468
459.2;14.4;39.8;46.9;39.4;6.5;69.4;184.63305335436965
475.6;11.1;41.4;31.6;37.3;4.8;75.0;174.38798059349932
383.0;13.5;33.4;32.0;31.2;2.5;58.4;157.9384440867643
497.2;16.1;43.4;41.0;44.0;7.8;60.9;201.3808498432023
497.9;14.3;40.9;51.3;43.7;7.5;64.4;202.09468968212823
420.7;13.8;36.5;28.5;37.2;5.4;57.9;173.1074268393915
453.5494221;15.8;33.9;24.2;29.6;6.2;78.2;164.51040794806048
400.2;7.9;44.8;24.3;24.4;4.9;73.0;140.58562378894962
446.1;10.6;39.8;33.8;36.5;5.5;77.2;167.10471259950666
435.9;6.5;40.1;29.0;25.2;5.8;81.6;147.82117684226736
503.1;11.5;35.6;31.2;29.3;4.4;76.5;174.00532229017318
443.4;5.6;39.6;30.4;16.4;4.2;86.6;137.47930171348963
515.4;19.4;37.1;41.4;42.1;10.6;58.0;211.83809326914331
327.2;10.4;45.6;31.4;31.1;1.7;78.8;127.97953558995067
429.3;7.2;40.0;35.0;26.7;3.7;82.0;148.18765284422585
428.8;10.1;37.0;27.7;29.9;7.6;72.7;159.5236158287887
438.1;20.6;36.2;29.0;31.1;7.9;50.9;182.10729393054405
385.4;20.6;34.2;39.7;29.4;7.5;54.7;170.1313239981318
436.7;8.3;41.9;28.5;21.3;5.9;77.1;147.37370217193512
453.5494221;13.5;52.8;24.6;39.4;2.5;74.8;165.5069735265642
438.8;22.5;36.6;30.8;26.0;8.8;63.5;173.56871065535105
432.0;13.2;49.5;59.2;34.3;0.7;80.1;155.62585530860238
460.2;17.5;38.6;34.2;35.5;6.8;59.6;184.81064032621475
425.7;7.6;36.0;26.8;30.5;2.8;83.3;148.08848929290903
475.7;27.1;37.3;38.8;35.1;10.5;48.6;205.2619218242864
479.1;12.0;37.9;28.7;31.3;6.1;72.5;172.67314874310833
488.5;5.0;43.3;25.9;22.5;6.3;84.0;153.75613024991776
307.1;28.1;28.8;34.0;32.7;8.1;41.2;197.01457956937998
453.5494221;18.5;44.1;28.9;35.4;9.5;59.9;182.69622862934423
434.6;20.6;37.2;23.1;27.9;6.8;67.6;166.52072641903672
327.0;14.6;58.2;33.9;38.6;1.1;69.4;172.74200290365457
394.6;14.0;47.1;32.8;27.9;6.0;59.2;156.92078902231094
355.6;9.5;44.5;35.1;34.3;4.3;66.8;146.85682558979812
420.0;12.3;42.3;32.7;44.2;6.9;67.1;174.67990148757775
425.4;13.0;46.6;53.1;41.2;12.3;63.7;185.54756421954764
389.8;19.3;39.4;15.1;32.7;5.2;50.6;163.87675674994603
494.2;14.7;43.9;40.6;34.9;7.8;68.7;187.01867673048025
414.8;18.9;35.0;13.1;14.9;8.6;75.4;162.23653623803577
447.7;22.8;48.2;48.4;34.8;10.7;51.7;194.30261730652825
454.5;18.4;43.7;37.8;43.3;6.6;66.3;187.44213775571538
467.1;20.6;45.9;8.6;42.9;5.2;53.4;195.36120910438905
403.1;6.9;33.5;41.0;28.5;1.7;81.3;146.0472008012406
386.3;10.2;41.7;39.4;43.9;6.7;76.8;162.36985882825084
507.2;13.4;43.8;29.9;35.1;7.6;72.9;183.46252574020747
513.5;11.3;40.7;36.6;38.8;6.9;77.0;187.28667179988008
486.5;15.1;43.8;35.2;41.4;8.3;69.5;189.7532062939319
473.5;28.2;45.8;41.4;40.7;13.5;49.4;211.29571750778086
358.7;11.7;45.9;51.6;39.1;4.5;69.3;157.46550255625482
410.4;18.7;44.2;22.3;33.1;5.9;58.0;166.42731142931297
431.4;10.3;41.6;29.0;34.3;9.3;68.9;166.8858773684512
461.5;15.1;45.1;36.4;39.2;9.6;67.2;184.25863956577672
1206.9;24.3;36.9;45.1;37.4;11.7;59.6;197.47397499674457
453.5494221;13.9;48.2;23.2;28.0;1.9;72.8;156.5908287707651
461.6;14.8;43.9;31.8;35.4;10.5;66.2;180.65445070125182
409.3;24.9;30.4;30.7;24.8;13.0;55.9;176.43804931781233
355.4;23.6;39.6;39.9;36.7;12.6;54.9;174.7375027960942
468.5;11.9;42.0;47.2;43.9;6.9;72.6;187.41763436402718
495.0;23.5;43.6;34.4;36.5;11.4;62.4;198.9848265926239
430.4;13.2;46.8;28.8;32.9;3.0;75.5;157.0614044501038
375.8;23.4;36.7;28.7;27.0;7.6;49.6;165.9668038494596
437.1;24.0;48.3;35.5;44.7;7.2;49.6;195.6169761747813
508.2;16.2;43.5;37.0;44.0;5.2;70.1;195.67340302976106
387.4;25.1;52.0;34.6;32.6;6.9;54.0;169.811291062669
343.0;22.6;35.8;32.0;25.0;13.1;51.6;160.94572533553136
442.4;20.8;38.5;32.7;37.8;8.4;61.0;185.20824742901004
488.8;17.2;44.0;36.5;38.1;8.6;63.0;192.65911678585837
429.6;18.1;37.4;28.3;25.6;7.2;60.9;167.02362681159056
425.7;20.7;47.4;42.9;41.3;11.7;50.2;193.8054483639476
411.9;6.9;44.3;33.2;31.8;2.5;77.3;148.2886994406232
362.3;12.3;40.4;20.5;39.7;0.8;71.2;146.34388916401087
466.2;11.2;44.7;37.8;39.7;5.4;76.1;175.57450540612146
477.6;13.7;37.5;34.5;30.5;10.3;69.1;180.0945644736053
520.4;10.3;47.3;21.3;42.3;1.2;80.4;177.93489800177127
403.5;9.8;33.4;35.5;35.4;5.4;74.2;159.49147818305977
444.7;13.3;37.6;37.6;31.7;7.3;61.2;175.8639217199759
414.0;12.5;52.0;39.0;26.6;6.8;63.1;158.55060659071327
453.5494221;12.5;49.5;36.6;35.7;3.2;75.9;166.3377231576153
497.0;8.3;39.3;32.0;24.1;6.8;79.6;165.28206016244093
467.0;13.9;44.0;36.9;38.2;8.5;63.6;185.2009270430396
413.6;17.0;34.3;27.3;20.8;8.4;55.6;162.4291594553241
456.5;13.6;40.4;25.9;32.1;7.8;69.5;170.62949097197682
453.5494221;12.1;40.8;23.4;32.6;6.5;73.4;165.32808025437754
459.8;15.3;38.6;34.1;30.4;8.9;64.1;177.92931699560822
401.1;9.3;49.2;47.2;25.6;2.9;68.1;150.078671335404
503.6;20.4;38.8;60.8;44.0;13.2;54.9;212.669051654824
453.5494221;17.4;37.4;22.8;41.0;7.3;69.3;180.22840570760206
453.5494221;10.3;42.5;30.5;40.6;4.4;77.7;169.37666114725437
453.5494221;12.8;50.4;20.7;42.4;3.3;76.1;167.17954753679243
425.0;20.2;28.2;19.6;41.2;7.2;74.0;170.76339068874734
424.8;15.0;45.0;28.7;31.3;5.1;64.6;163.39867029509796
511.3;13.3;46.4;33.8;33.3;6.6;72.6;182.56273867411198
465.2;8.9;47.1;36.0;42.7;9.9;75.2;179.56535124549995
453.5494221;10.4;50.1;29.1;37.7;1.9;74.7;163.62409244472695
475.3;8.9;43.1;19.6;25.2;2.7;83.1;151.21774940448248
478.8;14.7;43.9;27.5;25.8;10.3;56.4;179.18301940738257
388.1;21.8;31.1;22.4;27.1;4.1;60.4;158.73085702082034
448.8;10.4;45.2;43.5;34.5;5.2;75.6;168.0417301394294
453.5494221;12.9;46.7;44.7;36.6;3.7;71.7;173.50840354365724
423.0;7.9;46.7;31.2;21.1;5.1;81.1;140.55612319984905
398.7;13.6;41.4;31.2;34.9;8.0;76.5;157.85096342376482
381.3;25.4;44.5;18.1;36.5;20.6;49.5;171.7317984661071
493.4;9.9;38.7;33.3;24.3;7.5;73.3;170.17258144326993
492.4;11.6;49.3;20.7;41.1;0.4;71.7;174.29512820886873
518.1;6.3;42.2;33.8;30.0;2.9;84.8;168.05902291887907
464.3;13.0;47.1;27.9;31.7;8.9;70.7;170.77058174743698
469.5;18.3;40.7;28.1;38.9;8.9;61.5;188.8318179365047
432.5;7.1;33.2;37.8;20.7;4.7;75.6;150.30256400974804
453.5494221;11.5;40.5;20.6;29.6;3.1;71.7;159.30544861130915
461.8;25.9;41.1;35.8;38.9;10.9;49.4;202.6089463535381
396.8;11.1;42.7;27.4;42.6;6.4;73.6;161.35168298968006
502.7;17.7;41.0;28.8;36.7;7.2;61.5;192.79377981224633
392.0;13.6;32.2;17.7;20.5;3.0;82.7;133.627788852494
478.2;15.4;41.4;32.5;37.2;7.2;65.5;185.0658450973512
361.2;25.8;41.9;37.7;40.2;1.2;60.6;166.83000438197007
389.9;27.3;35.4;39.7;36.3;9.9;52.0;185.18724204814438
472.0;21.6;43.1;42.2;42.1;10.3;60.5;200.3233370013768
465.5;12.1;42.5;26.2;44.0;3.4;74.4;175.9407551979605
398.5;16.7;45.0;26.4;43.5;4.3;65.1;168.02714046004562
495.3;14.5;42.3;32.1;34.5;6.9;59.6;188.34220161689646
471.5;7.5;39.6;21.1;27.4;6.8;81.8;157.03692785901092
485.1;28.8;35.4;24.9;23.6;12.4;55.5;191.91633099232575
485.0;19.6;42.1;29.6;28.3;10.6;65.3;183.09293097780005
450.8;17.6;33.3;34.5;26.0;12.6;65.6;177.3026558846411
502.3;16.7;41.4;33.7;35.1;9.0;59.2;194.7768967042536
456.9;9.7;41.5;29.2;28.5;3.0;82.7;154.640465057833
475.8;9.9;42.2;25.4;32.7;4.9;80.2;164.4809636783349
424.5;25.0;43.7;34.3;42.2;13.8;58.0;193.18488344214006
447.6;16.6;46.2;45.4;40.6;4.9;68.1;181.58618732192838
356.3;20.0;43.1;38.7;41.3;11.5;54.0;174.91655978336553
400.2;14.3;35.0;41.9;21.7;10.4;48.9;168.1439675808607
487.1;19.9;47.1;29.8;35.3;10.9;57.8;193.06335117173498
530.2;8.5;38.3;30.2;37.6;7.8;77.4;187.24521080284433
447.8;10.2;39.2;31.3;36.0;9.7;71.2;172.76635330816643
460.9;7.0;42.2;38.8;32.4;5.0;80.9;162.9583175030217
330.9;17.6;38.5;36.3;30.1;10.6;61.6;152.8431738845308
432.6;15.1;43.4;45.2;36.1;6.6;68.0;175.14120712330185
430.2;12.0;42.4;31.7;23.7;4.9;74.1;152.2246424980204
463.1;18.5;51.6;42.5;29.3;12.3;55.3;186.45892141710456
456.3;15.2;46.5;45.9;45.1;7.0;70.3;187.53001124927613
460.6;17.1;37.2;44.2;33.1;3.8;50.5;188.29978479558446
480.2;20.3;45.0;44.6;43.3;10.9;60.2;203.38197284798056
473.8;24.7;42.9;45.3;32.1;8.5;53.7;196.68926078235359
458.9;16.5;45.6;47.1;50.1;8.2;71.6;194.6237539652869
511.9;26.1;46.6;54.6;43.0;14.8;45.1;228.38200168700226
490.6;10.7;46.6;39.6;40.3;6.5;75.8;182.59844388501375
485.2;11.2;42.7;39.7;28.9;4.8;75.7;170.88698937443775
408.4;12.9;35.9;32.9;24.6;7.7;63.9;158.47705333750494
455.1;26.4;32.8;18.5;33.9;10.2;67.3;183.47503620428955
460.3;9.1;42.1;22.8;35.0;5.6;81.4;161.60750642224863
430.4;15.4;39.9;23.3;33.1;8.1;73.2;164.3401359582382
474.0;14.8;36.7;31.0;25.8;6.5;64.4;173.942352733847
448.2;16.8;44.5;34.3;35.6;9.7;69.8;177.21223847508864
360.7;24.0;30.8;12.8;25.3;9.7;54.7;156.80166935078495
511.5;26.2;44.3;42.3;41.8;9.5;55.3;214.03185008424805
577.4;12.3;43.2;33.5;40.8;7.4;74.0;175.77215076581757
453.5494221;13.7;43.4;36.7;30.2;13.6;61.1;180.273682076875
453.5494221;12.1;49.8;20.6;33.0;5.6;75.2;160.56971344834554
398.9;11.8;45.5;72.1;28.8;7.0;64.5;156.4562344832562
411.7;11.0;52.2;10.8;40.7;0.5;77.2;155.92469892148955
470.6;11.3;40.4;35.1;32.8;6.0;70.2;174.15189940525997
357.5;16.0;39.0;29.3;35.5;5.7;59.7;157.2796439461867
375.8;27.9;41.4;38.5;39.5;9.8;45.5;186.49830725937917
415.7;20.7;36.6;31.4;28.9;10.3;54.4;175.85867537678936
450.2;22.6;30.7;14.3;22.8;6.5;77.3;160.38655801470142
587.4;14.2;51.3;49.4;36.7;7.9;59.9;184.02868861900268
483.6;15.5;46.5;40.2;25.8;8.0;66.3;177.2565786510593
405.5;15.0;44.7;27.9;50.1;4.6;59.9;178.12165990932
500.5;18.8;41.4;39.5;37.7;12.3;58.0;203.5275908465992
534.8;17.0;43.1;36.5;38.2;6.8;55.9;205.67658583720194
536.2;12.3;39.7;45.7;40.8;7.6;77.0;198.96416992327
409.3;14.0;39.4;31.2;31.7;7.8;59.0;167.0742934837035
380.1;25.6;40.2;40.7;36.7;14.6;51.7;185.26567401202675
448.8;10.9;41.5;33.2;40.5;8.3;65.7;179.28417229378624
489.2;21.9;39.1;25.0;22.6;12.1;58.5;184.45976787091894
425.1;17.0;40.8;22.0;43.9;7.8;73.2;173.23677975624963
411.8;14.4;40.9;37.7;25.8;8.6;64.4;162.09675453089733
488.3;20.4;43.1;43.4;36.4;10.2;58.8;199.21535614445224
449.0;14.7;32.1;23.8;30.6;6.6;69.0;169.1065047817874
453.5494221;17.7;40.6;20.7;33.6;4.7;67.8;170.58460512076948
496.9;19.2;40.9;43.9;43.5;4.4;61.9;201.21324095891222
395.4;12.6;40.1;30.7;25.9;9.2;63.8;155.8857103929106
460.0;20.2;44.7;29.3;34.5;9.9;64.9;182.2265960425528
427.4;13.7;44.7;36.1;35.7;6.6;68.8;168.81934020325593
393.0;20.2;37.9;34.1;29.5;12.7;53.2;174.003971093361
355.2;25.6;39.7;55.3;38.1;17.1;56.3;177.46690266028418
506.8;19.5;39.1;34.6;34.4;9.7;55.8;200.36404819511645
396.8;16.2;50.6;28.8;28.5;11.6;68.6;157.04665223705862
424.5;8.4;39.8;24.3;31.0;4.5;78.2;151.00876744414333
456.5;14.3;46.8;45.4;48.2;6.9;67.2;191.10112747371267
444.5;19.2;44.0;27.0;39.3;4.5;63.1;178.18227538000696
452.4;14.6;36.1;35.6;24.4;6.9;66.6;168.40340678192638
490.8;14.3;51.1;28.6;29.7;12.9;64.0;181.92131049140903
275.6;13.4;37.2;31.3;27.9;3.7;61.1;169.09036692813856
501.8;14.7;47.9;32.0;27.7;10.2;65.2;182.00508439249862
434.6;17.6;40.2;43.7;37.5;7.0;55.1;186.0058239519495
408.4;18.8;46.7;43.5;37.2;9.2;52.4;181.85979624873835
420.0;8.5;37.8;25.8;15.2;7.7;74.1;159.7398913024229
486.7;10.4;41.9;26.6;20.3;7.6;73.6;162.07863939108682
425.6;12.4;46.0;35.0;39.1;4.1;75.8;164.19148646512053
422.9;30.6;31.7;32.7;34.9;19.9;29.9;183.98045860950393
507.4;18.3;43.4;22.9;41.7;8.3;59.2;198.40348182714894
462.1;16.8;38.0;23.3;21.6;7.7;68.4;164.68722714937323
527.3;25.0;42.6;28.8;34.2;10.1;50.6;208.79028195271206
509.4;8.9;43.6;32.0;34.9;5.9;81.0;175.85389684242742
442.0;21.8;42.7;41.5;40.8;8.7;47.3;197.67003162477735
425.3;29.8;39.3;40.7;38.9;13.2;45.2;203.04892648199504
373.2;25.9;42.1;41.2;37.5;14.3;56.5;181.5066387107995
499.6;21.7;40.0;36.5;41.1;9.2;57.5;205.45317117983996
460.3;34.1;42.7;25.1;37.8;18.7;49.2;188.0997037939033
466.8;15.4;39.4;33.6;29.8;9.7;67.7;177.48850947404958
470.4;31.1;37.2;36.3;39.9;8.2;50.0;207.70481995650994
466.5;10.6;40.6;37.4;38.6;1.6;66.0;177.2430924478468
490.7;20.5;36.1;44.9;32.7;10.6;59.0;199.101928009846
512.4;20.4;40.1;41.1;30.4;8.3;59.2;197.51100203281038
444.6;14.0;41.7;27.9;32.3;4.0;69.2;165.569171809517
389.4;15.6;52.7;29.5;25.6;10.0;59.7;155.15077677843638
453.5494221;16.9;48.0;39.1;40.1;3.5;69.4;178.25408588823865
399.5;9.2;47.7;24.9;39.9;4.2;79.4;151.1065411745523
463.3;9.5;39.1;33.6;21.3;7.9;73.8;160.22528236843732
408.2;10.4;38.3;28.1;32.3;2.3;73.4;152.09257488829707
420.4;15.5;32.8;40.7;27.5;5.6;70.0;164.21359728012638
294.6;13.1;52.8;48.7;21.1;7.1;56.3;169.41123933579138
428.8;22.3;41.5;33.0;33.9;10.2;51.4;185.234604290314
365.4;17.9;44.8;39.5;36.7;8.0;56.7;166.78253339799744
514.4;14.5;40.9;26.3;32.0;6.9;70.3;183.378092058337
456.2;5.9;43.1;30.1;30.6;4.6;84.5;154.1175470537913
486.2;7.3;41.2;28.6;23.2;5.9;82.4;157.40046050312344
369.8;11.6;46.0;32.2;48.5;6.2;67.7;164.44872982203592
435.3;7.9;42.9;33.1;28.4;5.2;80.0;152.49094927171885
484.5;13.7;35.8;36.2;34.6;6.4;71.5;181.97215224559267
508.0;24.3;43.9;40.2;37.1;10.8;59.2;206.08567922696295
435.5;18.2;51.2;60.0;33.7;6.1;63.2;172.12672355931852
442.3;11.5;45.8;23.4;30.9;2.9;76.3;154.8036843231362
484.4;12.9;45.0;41.2;48.0;5.6;69.0;193.50308145522868
481.9;16.6;50.9;52.8;38.3;9.0;60.2;196.12219068955898
350.0;20.2;43.4;39.7;50.1;12.1;58.5;180.14667795821111
490.4;11.1;42.5;37.2;31.2;8.3;74.1;177.16593590004277
475.7;10.4;46.3;44.0;37.0;5.8;69.6;180.0589150079674
492.7;22.0;37.2;35.9;39.2;10.1;56.5;204.16273921019436
423.0;23.6;41.0;31.4;31.4;12.6;53.6;182.96342196514803
432.2;17.5;50.2;35.6;34.6;7.8;62.0;174.33461695817763
506.0;17.9;44.9;33.4;31.0;7.0;60.1;189.42784210372434
347.1;7.8;35.7;32.4;17.9;4.4;72.2;127.42507741674606
429.4;23.9;33.2;26.4;30.5;14.6;46.9;189.49125590807995
422.4;17.7;47.9;29.5;33.8;9.1;59.7;172.3668803244409
447.3;15.7;52.3;23.6;34.8;3.3;68.5;165.04987089416113
455.7;16.1;34.6;27.3;22.5;9.4;69.5;166.7051042433421
307.6;14.8;53.2;41.3;34.7;6.8;54.4;181.28708195895564
453.5494221;16.2;36.8;10.1;33.3;4.0;65.3;175.72198708180827
453.5494221;15.7;29.6;23.7;24.8;9.0;61.5;168.5387349035786
426.9;26.7;41.4;41.4;38.0;13.8;49.2;198.57060730170988
432.0;28.2;41.5;21.9;31.1;10.1;49.6;184.5513264137491
420.1;15.8;35.7;26.4;22.7;8.2;69.4;156.86999626660807
516.6;19.3;41.3;34.8;31.2;7.7;51.9;199.32428951524204
453.5494221;13.8;44.5;40.1;39.7;9.8;64.6;184.90908716814917
440.9;14.4;34.7;26.6;26.9;5.8;74.8;160.13392150482372
448.5;14.6;38.7;28.4;27.8;8.9;71.0;166.94001870590034
524.2;18.8;46.1;36.3;33.2;11.5;59.3;201.1405604767302
462.7;30.4;40.5;30.5;36.5;10.4;48.3;202.20498359069532
480.5;23.4;32.4;33.5;26.9;10.9;63.0;188.77283687046122
463.1;28.9;41.2;29.4;36.6;9.4;61.3;193.23194378031354
512.4;16.7;45.0;36.4;39.2;7.1;66.0;195.66791565036092
318.9;10.6;39.0;34.6;37.2;5.0;67.6;174.1109502525569
437.0;10.5;38.3;36.2;33.4;10.6;80.5;165.88856034539538
459.9;21.9;43.7;52.4;45.3;10.5;58.8;204.95022619343476
459.6;7.7;38.1;41.4;36.8;4.2;79.3;169.35139569031975
345.3;10.0;40.5;21.9;27.9;6.5;80.6;130.340826437035
459.8;18.1;43.1;39.2;50.3;7.8;63.4;198.0824486527861
325.3;28.5;37.0;36.4;29.5;19.8;40.1;196.7353934664056
510.8;18.8;24.5;40.0;27.0;16.5;80.6;180.2683135044643
454.4;21.3;43.3;32.6;34.4;9.0;61.1;184.27464976383317
507.6;9.5;43.7;29.9;28.4;5.2;76.3;170.95652363577136
410.9;27.7;40.7;30.8;30.1;11.3;49.0;182.9058901349457
443.1;8.9;41.1;39.6;49.1;5.5;79.3;177.3722434913255
376.2;27.1;22.3;16.6;15.8;10.2;76.0;159.0410362113094
535.7;11.1;46.8;35.0;49.4;7.7;74.2;201.98462665090992
500.7;18.9;42.6;48.1;43.8;6.5;64.2;203.67603854949934
410.8;11.7;49.4;44.4;28.6;5.7;59.7;162.4607513110098
482.0;7.3;46.6;41.4;29.7;3.2;82.6;162.79089432338128
379.5;18.3;41.8;32.8;29.5;8.1;53.9;163.81404958928024
448.2;25.9;42.9;41.1;42.1;9.8;56.1;199.27161139467094
452.5;20.5;49.4;44.5;33.7;10.5;56.8;188.39867176196594
518.9;20.8;41.1;39.1;39.1;10.4;59.6;207.95250643764163
488.6;21.5;32.8;21.2;23.6;8.7;64.8;179.32112110949544
444.6;21.6;33.2;35.5;25.0;14.8;52.1;186.87088355176692
459.1;28.5;43.3;46.9;42.8;9.6;54.2;206.83632116029187
461.9;17.5;40.4;37.0;32.3;11.2;63.6;184.33153813790938
480.2;16.2;52.1;34.4;27.9;9.9;63.5;178.45845583084792
413.5;18.1;38.6;26.4;38.8;9.5;62.3;175.74372628643516
454.6;13.0;43.3;33.4;28.8;7.5;67.6;169.14893661198764
453.5494221;15.1;38.1;38.4;32.1;11.8;64.1;181.93866382948613
463.9;14.3;34.6;15.4;15.7;7.4;82.2;166.82874876804186
453.5494221;13.0;37.2;22.5;17.8;6.0;75.4;151.51100847104163
430.4;16.8;39.7;29.3;29.5;7.1;68.1;165.8078005145242
390.1;7.9;37.4;42.9;21.1;5.2;75.3;142.4963158355161
438.5;35.3;39.6;23.4;31.7;18.1;39.3;182.8409878401535
456.2;26.1;42.0;40.5;40.5;7.5;57.8;197.00563524936734
456.2;27.4;43.6;32.8;42.1;9.4;46.5;203.82485814192427
420.3;22.3;34.5;29.8;25.1;7.5;45.8;176.63609217149929
413.3;9.8;45.3;72.5;27.7;3.0;60.4;156.21261764254663
416.8;22.5;30.4;23.4;25.9;10.4;53.6;174.12957061868934
478.1;9.9;41.7;38.7;37.1;5.7;75.6;176.69467485918082
378.7;17.4;33.5;30.6;26.6;7.2;71.2;152.19407764736
453.5494221;11.5;33.6;27.0;27.4;2.4;76.6;158.18731280411808
480.3;25.3;42.8;43.5;44.4;18.7;53.5;208.73285826113343
439.7;15.4;42.8;42.2;43.5;6.3;65.2;184.19154804981517
453.5494221;7.3;38.6;30.2;21.6;5.0;82.2;148.95476172910054
310.5;10.4;42.6;38.6;25.5;5.7;64.1;165.90129035990054
445.8;23.3;47.6;38.7;40.2;5.9;46.7;194.6603156369486
397.1;13.2;42.7;46.1;32.2;5.2;73.4;158.53738170736767
572.8;14.8;53.1;28.3;31.4;8.0;65.6;169.16332561412497
400.5;8.2;45.0;36.9;26.4;5.1;79.6;143.58561349707423
470.0;32.9;44.1;44.7;35.9;11.3;46.8;210.29114826886885
371.0;10.4;42.6;35.6;36.2;8.3;77.0;151.58741417388762
492.4;22.6;43.0;28.0;41.3;12.9;48.0;208.9765877053771
385.7;10.5;44.9;39.0;42.5;3.7;73.4;159.3392720749104
365.5;20.4;39.3;35.8;37.5;7.6;56.7;169.20207655485515
558.5;27.6;43.5;30.9;34.2;11.2;42.0;223.61467321841468
516.3;16.7;41.5;21.0;36.7;8.0;67.9;189.89870531116503
492.3;12.3;36.5;37.9;34.0;5.9;68.8;183.62083022271014
479.6;10.8;43.3;24.3;24.1;5.4;74.3;160.83628489259934
412.0;25.3;48.7;20.3;35.4;9.4;52.8;177.13894727267967
463.5;14.4;46.8;23.8;43.5;6.6;65.1;182.10901706633828
511.5;40.1;34.7;33.6;33.8;16.3;38.9;206.65016423114577
424.0;3.7;38.2;28.8;12.9;4.1;88.9;147.58213213051587
442.5;23.0;42.9;26.0;42.7;6.9;50.9;191.76185670590831
424.9;13.0;56.4;11.1;31.5;1.2;83.9;151.72741187741252
464.0;24.4;49.4;37.8;35.6;6.8;54.8;191.1401292171682
491.2;20.6;49.8;38.6;32.1;12.3;56.9;195.35546770176413
436.5;7.1;32.9;37.6;34.4;4.0;77.0;162.58265276870623
429.4;13.8;47.2;30.5;37.3;2.8;74.9;161.89558170361087
484.6;11.5;44.2;26.2;28.3;6.4;75.4;167.00631641773435
496.6;6.1;43.2;30.3;27.6;4.4;84.7;160.6070583951537
423.8;10.1;49.1;33.1;39.1;3.4;74.7;160.69870043618437
461.5;23.0;36.6;33.9;27.1;10.3;61.3;183.62191218742413
493.9;17.7;43.7;40.2;37.5;7.4;56.5;197.28880930057645
461.8;37.8;26.7;20.3;21.8;9.2;67.1;164.28017798047995
476.6;10.1;47.5;30.1;38.9;5.6;77.0;172.86586212621228
433.5;15.6;45.5;42.7;36.4;9.6;63.9;179.21541128509156
461.2;11.6;38.9;30.1;35.8;4.8;67.8;173.93241760074187
449.0;12.0;43.7;36.6;33.8;9.8;69.1;173.91392451190328
555.6;46.9;38.5;37.1;38.6;11.2;48.9;219.27554814829455
596.9;14.6;40.6;49.6;38.5;4.9;61.7;185.53260704160323
453.5494221;18.8;31.4;33.9;23.1;4.6;64.5;170.1998747648297
453.5494221;15.0;31.2;44.5;23.0;6.4;62.0;173.9262303038364
335.8;20.3;48.1;29.0;30.7;4.9;64.0;145.19891659080625
420.9;13.5;45.5;37.5;41.0;4.8;68.9;170.73994163972677
482.1;12.9;40.9;30.8;37.6;8.0;74.7;180.12972054441923
495.8;6.3;39.5;25.1;32.6;4.8;81.4;166.5259149513657
412.3;14.2;43.2;46.1;45.4;7.1;71.4;177.4349831297339
461.2;14.9;49.0;32.1;37.2;3.3;70.1;172.85660201679184
432.6;19.7;34.3;24.9;27.9;6.2;62.4;169.03726053636922
499.3;26.1;27.3;52.1;41.3;16.5;35.8;222.98851163101887
459.5;12.4;41.5;44.6;38.7;5.8;73.0;179.00550699974113
490.6;24.7;40.8;32.2;36.5;13.8;48.7;207.95625242787187
381.4;8.9;48.4;41.4;38.6;3.5;79.7;150.04662019143507
478.6;16.4;40.5;31.8;40.0;8.0;69.6;186.99423482425254
340.9;32.6;30.9;36.3;26.0;12.2;34.4;163.43431316165214
400.3;20.1;49.1;45.2;37.6;4.3;48.6;178.95084841717642
404.4;31.0;42.8;31.9;33.4;7.3;50.5;182.3031460845043
381.0;27.9;34.0;21.3;22.0;11.5;49.6;167.1998508316699
412.7;18.0;46.9;34.8;36.5;7.5;59.3;173.70799237620201
470.7;10.8;43.9;35.8;42.0;5.7;78.9;176.83204830702226
429.1;12.3;44.8;37.8;37.0;3.1;76.9;162.84201348331794
466.5;22.4;42.6;31.1;34.4;11.7;55.1;192.9144154003635
392.9;7.2;40.0;23.5;14.0;6.1;77.0;148.34743641060172
453.5494221;12.0;41.7;33.4;38.3;7.7;69.7;176.5289477309525
500.9;18.4;45.1;26.7;34.5;5.5;70.9;182.67267443517594
330.5;26.6;46.2;22.9;33.6;12.0;52.5;161.3929706880054
461.3;26.5;38.7;36.5;36.8;13.7;50.5;203.66131319636025
460.0;14.1;33.6;52.3;38.3;6.0;51.1;196.17330252170066
438.4;18.1;44.7;52.1;47.5;9.3;58.6;198.13458363779185
442.3;13.9;39.8;31.7;40.0;3.5;67.3;174.43229744732793
477.8;18.7;43.4;28.0;35.5;11.9;60.0;190.41833392664122
494.2;22.3;39.3;28.7;36.9;10.6;56.4;200.08887602076254
407.4;20.1;38.2;24.1;38.5;13.5;61.4;178.61006964875634
449.4;9.2;37.8;40.1;31.7;6.2;78.3;165.15791632488038
435.2;22.6;42.8;41.7;43.5;12.1;56.9;197.07562235274287
427.6;20.1;39.6;40.9;36.0;8.5;59.7;182.8179735983847
460.6;17.5;43.1;41.2;43.7;9.5;62.2;194.49000318218447
425.6;18.3;44.5;42.8;39.3;5.4;51.3;185.17682129089076
467.7;9.8;45.2;32.4;43.2;3.8;75.7;175.12540429860712
474.3;16.3;42.9;29.3;34.0;11.5;62.2;185.68715382750543
489.7;17.5;46.7;28.6;36.3;6.6;65.2;185.20046506642333
522.5;12.9;48.4;56.8;34.1;5.0;68.7;193.3733899189656
466.6;16.9;40.3;34.6;33.3;11.5;64.4;185.00749007068237
484.1;17.5;43.7;35.6;31.3;6.1;65.2;182.02081545202572
373.6;22.6;38.7;30.7;30.5;6.2;48.4;167.6917109957917
517.1;19.4;37.6;28.9;27.5;7.8;61.8;190.11623752576358
461.5;19.1;37.4;42.3;41.2;7.7;59.9;195.09238724312254
451.7;25.4;39.7;41.3;43.6;6.6;57.4;198.7024995828995
400.0;26.0;40.4;28.2;28.9;10.7;46.5;178.1265094176967
391.4;15.2;48.3;50.0;37.5;0.9;80.7;155.78376436320355
488.8;35.1;40.6;65.5;33.3;18.0;48.1;194.91043883153995
457.3;16.4;43.6;33.5;39.4;9.0;63.9;185.00732903874444
447.2;10.7;42.5;36.8;38.6;4.5;72.8;171.04499696531897
397.9;4.9;36.7;27.1;15.9;4.3;86.4;143.66635068844585
484.2;10.9;50.1;7.1;30.8;3.3;65.1;172.73112972622857
397.2;19.3;48.5;54.0;33.4;10.6;54.7;179.07494528484153
468.8;15.7;37.3;42.9;43.4;9.5;71.9;192.04520312198906
447.9;14.6;43.9;33.2;44.2;8.6;73.7;180.4444707483376
470.4;23.0;44.1;55.6;44.8;6.5;48.6;210.51517276503134
428.7;24.0;29.3;17.5;22.3;6.9;76.6;154.44144538049554
426.8;23.0;43.6;43.6;43.2;8.3;57.3;192.10754596146404
409.8;12.1;52.4;32.9;26.1;9.7;64.9;156.23033477058507
482.8;15.4;43.8;23.5;37.7;6.9;72.5;179.056439967883
490.5;15.5;40.5;43.9;42.0;8.4;65.0;197.72851623120846
438.7;18.9;46.2;46.7;39.0;6.3;61.9;184.43493510030365
446.1;14.8;32.3;45.6;30.3;9.5;77.7;173.3590657117277
398.1;23.8;42.1;38.2;35.8;7.1;53.7;178.63852227174706
493.0;20.5;44.4;31.4;29.8;11.6;57.5;191.787349335057
475.5;17.2;44.6;22.9;36.6;3.1;57.3;181.80424211290125
527.2;21.5;50.5;39.8;34.2;9.5;56.8;204.13021087125844
493.6;11.5;43.5;44.2;35.2;8.3;74.6;183.66097287483245
423.2;11.7;42.1;33.3;41.5;3.6;71.8;167.5465236982803
449.2;15.8;40.2;55.3;35.1;3.0;62.1;182.79055440731358
454.3;19.1;49.0;38.5;39.2;9.2;58.5;189.08366266810222
396.2;24.8;29.6;11.3;21.8;5.6;82.4;148.6228512066409
380.4;17.9;44.9;45.9;35.0;6.2;54.4;170.45243817054862
461.7;14.7;38.7;29.9;26.3;7.6;66.7;170.3052131279523
449.5;10.6;42.5;41.2;36.9;7.6;73.0;173.92240450839873
458.6;11.4;45.7;39.1;21.8;11.1;74.8;163.06906058145336
579.7;7.3;46.0;38.7;32.8;1.2;88.8;153.02437308782766
366.0;20.6;48.1;49.4;45.0;11.6;59.5;180.38681568203302
490.0;19.2;43.8;41.3;44.0;11.5;62.3;204.21092225450397
449.0;8.2;42.1;32.5;33.8;5.0;79.9;160.76171738649745
447.6;21.1;42.3;45.0;30.0;10.5;51.5;189.1391970127233
475.1;21.2;45.1;47.4;50.0;8.1;50.5;212.5554419017203
337.1;30.4;43.2;45.8;43.4;11.7;48.3;184.9126348916354
468.0;21.9;41.9;46.4;42.0;13.4;52.1;208.21264450385266
370.9;9.1;44.0;33.2;38.9;3.3;74.1;149.25876170000623
387.6;12.1;46.2;40.5;43.0;4.6;70.5;163.72708289940732
501.4;16.5;43.5;42.9;47.3;6.4;71.4;199.65187469325934
485.2;13.2;42.8;28.3;22.9;9.4;64.4;172.63542189692913
453.5494221;10.1;39.6;48.0;35.2;4.6;77.0;171.40416761644656
334.6;10.4;46.7;28.4;40.6;2.2;83.7;135.0514774037838
433.1;15.7;35.7;31.3;26.9;7.4;70.6;164.02172810591637
475.2;12.2;43.7;36.4;35.0;8.1;67.4;180.6023324102817
452.9;22.9;34.1;37.2;32.0;14.1;49.4;197.26113823183982
494.4;17.2;42.0;24.4;32.2;7.8;69.2;181.15516876518575
429.4;22.1;38.3;36.4;31.9;6.1;58.1;178.46773085679897
471.4;14.5;35.4;28.5;28.9;5.9;65.0;174.7124127038166
399.2;18.3;34.5;31.6;25.2;7.4;61.1;161.71559614524065
497.7;11.2;45.2;36.1;31.6;5.9;72.2;177.13009433417713
287.4;16.1;44.7;28.4;42.8;10.0;60.6;187.2279267272163
488.9;9.0;41.7;30.8;19.3;7.5;71.8;163.01367711153284
474.0;17.4;42.9;37.9;34.8;10.5;64.3;188.0242811833349
479.4;19.4;47.3;40.4;39.9;6.8;61.8;193.11077657225255
467.5;20.5;43.4;38.6;37.3;8.9;58.5;192.6728142783672
499.8;11.9;50.2;43.7;31.6;9.9;67.4;185.09805899889366
478.1;21.6;39.7;38.9;35.7;7.5;57.7;194.75426947439172
438.5;13.8;39.9;30.2;34.4;6.0;64.8;171.19741382916823
485.1;10.6;48.6;40.6;39.2;3.3;72.3;179.11980329962412
457.0;19.1;43.8;36.5;46.3;8.1;59.0;195.85897075939204
578.2;17.2;34.3;46.3;40.5;7.3;59.9;192.7638268010662
435.0;20.3;43.8;53.0;37.9;7.1;61.7;187.05203539968616
366.5;21.9;31.1;53.4;36.9;15.6;60.5;182.82840933619963
468.0;19.3;46.5;35.3;37.2;8.6;60.8;188.478821107707
505.9;13.5;39.6;23.6;26.5;6.4;77.7;170.8588293523102
438.3;20.6;49.8;36.4;31.8;10.1;61.9;177.63974218930073
445.9;16.3;41.1;22.4;39.4;5.5;70.9;172.717599549221
523.3;27.9;33.8;31.7;30.6;12.4;46.6;213.9352686961619
345.2;24.8;39.1;48.4;25.8;6.7;53.9;161.60473332652523
497.6;18.9;47.7;43.3;36.2;11.8;59.9;199.64021568692482
543.8;37.4;40.4;30.8;30.6;22.1;41.7;207.21128440455718
403.5;19.3;36.6;39.9;32.4;6.1;63.6;169.81710341997382
328.3;25.0;34.4;40.9;29.8;10.3;38.9;171.15463701793016
430.8;15.2;48.5;32.4;29.5;8.4;61.3;168.02065419565545
512.6;20.6;47.8;42.4;33.2;11.0;57.2;201.8914105876831
422.3;14.9;45.8;28.9;25.5;9.5;60.5;163.08773432735393
470.8;12.7;44.0;27.7;34.1;7.3;71.0;173.5754870591347
408.5;10.1;44.7;26.3;37.1;4.8;75.8;154.88783603132092
483.1;12.8;36.7;34.3;29.2;8.0;70.3;177.14469483083923
380.6;24.4;39.8;38.3;38.0;7.9;48.2;181.22273974460813
365.5;9.6;30.0;49.3;34.7;5.1;72.0;156.32083091738303
454.7;22.0;54.9;34.0;27.0;15.0;54.3;187.34025334473696
438.9;8.2;38.2;33.2;24.5;2.3;83.5;146.99802347633093
357.4;11.6;50.1;12.2;33.2;0.9;79.1;129.2677484393497
356.3;35.4;30.8;32.5;22.2;13.8;23.4;152.61491501516406
395.7;11.7;48.1;35.4;38.1;3.2;74.9;155.11927960270694
399.0;34.8;30.0;17.2;28.8;14.7;36.6;179.03476893375685
452.7;25.8;49.7;33.9;35.9;15.9;50.3;198.40619194955542
381.7;11.4;45.6;41.4;35.1;5.1;67.2;157.18720612366226
489.9;8.1;30.8;43.7;32.1;7.1;80.7;176.8255054488512
479.9;13.9;45.0;39.0;39.5;7.7;71.7;184.93621446603922
473.8;17.6;44.5;31.8;32.4;8.7;58.8;184.75065284647633
495.5;15.8;41.8;42.5;40.0;5.7;60.5;196.46123690586006
499.7;18.0;37.7;37.3;42.1;7.2;60.9;201.3419106443206
376.6;15.2;41.9;38.0;40.8;7.0;66.6;165.66682584667524
449.3;14.9;43.1;32.1;38.3;8.5;70.4;177.0044944568483
405.2;10.2;49.8;38.4;35.1;1.2;78.8;150.34180550716658
463.6;22.0;44.1;33.0;39.8;10.1;63.3;191.5705517536057
465.9;22.5;41.5;32.7;36.3;13.8;59.9;194.72723934573253
424.0;22.0;47.8;43.0;42.7;11.2;50.1;195.13664841043234
453.5494221;8.4;55.6;43.5;29.5;10.3;68.5;171.98098695589414
419.8;15.9;33.3;31.3;29.1;5.9;63.8;166.02826615321868
310.1;14.5;48.7;43.3;42.2;8.5;66.3;185.20223703868797
383.0;20.6;43.6;39.4;39.2;9.0;54.7;177.18313616984102
468.1;20.4;41.7;39.8;42.5;8.3;52.0;201.27759386794037
430.7;13.4;35.6;21.9;19.0;4.9;82.5;143.23370936643192
453.6;26.8;45.3;22.7;38.0;15.5;53.1;196.9473136245229
430.4;27.7;47.8;37.6;40.3;13.5;50.8;198.05882150768622
460.3;26.1;44.4;56.5;42.0;10.2;40.8;215.07995729059238
483.7;18.4;33.9;22.6;18.0;9.6;69.6;169.34596584684675
431.7;14.9;51.3;48.4;35.4;11.3;58.4;181.9684757938952
486.3;16.3;42.8;24.6;32.5;8.4;68.9;179.45286364345716
483.4;18.3;45.3;44.5;41.3;7.4;62.0;196.90719113740926
420.8;12.9;33.5;33.5;28.8;7.9;60.7;167.92296761479076
433.7;23.5;44.1;45.7;44.2;14.9;54.0;202.82496818634434
475.8;12.3;39.1;37.6;31.2;4.1;69.7;174.3989203332751
448.7;19.6;50.5;30.5;38.8;12.0;52.2;190.3159108001728
423.4;23.1;48.5;37.5;37.6;8.0;50.0;186.35362899872598
488.5;13.7;40.8;33.9;40.6;9.2;66.9;191.039868044905
416.6;6.3;46.1;13.6;35.6;1.7;78.6;144.11932373566145
425.8;14.5;42.8;31.4;36.7;8.6;71.5;169.17707364733008
421.4;9.8;33.4;29.9;37.2;3.8;76.6;160.8429438202265
464.7;20.9;48.7;29.2;31.5;8.5;59.4;181.53688691123796
474.0;11.6;40.6;32.9;32.1;7.3;74.6;172.5315586767043
368.6;18.2;41.9;28.3;45.9;7.4;57.9;172.18216806838615
388.8;11.7;45.0;39.7;36.4;1.1;69.9;155.0529563923829
453.5494221;10.9;40.2;32.9;35.5;4.9;76.1;167.76182755799783
382.4;39.3;44.7;44.4;39.5;17.3;39.9;182.29469731800722
348.4;21.3;31.0;26.3;21.3;8.8;61.1;148.7775498510177
453.5494221;6.6;38.1;25.0;15.2;4.5;84.0;158.0367629040714
453.5494221;7.6;38.7;32.3;28.4;6.2;79.3;158.6271451090019
457.8;20.8;42.9;34.9;35.0;3.9;54.6;185.20145580791154
484.3;10.6;40.5;34.7;37.8;7.5;72.9;181.18020318321243
472.8;16.8;40.8;46.2;39.2;8.8;62.1;194.44465167451278
468.7;20.1;43.6;41.2;45.4;4.0;58.5;196.82032191730238
487.9;21.7;35.5;23.3;30.1;11.3;60.9;189.46665672875264
